name,state,party,constituency,attendance,debates,questions
Bhupathiraju Srinivasa Varma,Andhra Pradesh,Bharatiya Janata Party,Narsapuram,0.0,0.0,0.0
Byreddy Shabari,Andhra Pradesh,Telugu Desam Party,Nandyal,0.897435897,14.0,137.0
Chandra Sekhar Pemmasani,Andhra Pradesh,Telugu Desam Party,Guntur,0.0,0.0,0.0
G M Harish Balayogi,Andhra Pradesh,Telugu Desam Party,Amalapuram,0.982905983,24.0,144.0
Krishna Prasad Tenneti,Andhra Pradesh,Telugu Desam Party,Bapatla,0.897435897,20.0,146.0
Lavu Sri Krishna Devarayalu,Andhra Pradesh,Telugu Desam Party,Narsaraopet,0.897435897,37.0,148.0
Maddila Gurumoorthy,Andhra Pradesh,Yuvajana Sramika Rythu Congress Party,Thirupati,0.94017094,29.0,119.0
Putta Mahesh Kumar,Andhra Pradesh,Telugu Desam Party,Eluru,0.854700855,9.0,138.0
Kinjarapu Rammohan Naidu,Andhra Pradesh,Telugu Desam Party,Srikakulam,0.0,0.0,0.0
Kiren Rijiju,Arunachal Pradesh,Bharatiya Janata Party,Arunachal West,0.0,0.0,0.0
Amarsing Tisso,Assam,Bharatiya Janata Party,Diphu,0.957264957,1.0,54.0
Sarbananda Sonowal,Assam,Bharatiya Janata Party,Dibrugarh,0.0,0.0,0.0
Alok Kumar Suman,Bihar,Janata Dal (United),Gopalganj,0.991452991,43.0,121.0
Arun Bharti,Bihar,Lok Janshakti Party (Ram Vilas),Jamui,0.794871795,15.0,118.0
Chirag Paswan,Bihar,Lok Janshakti Party (Ram Vilas),Hajipur,0.0,0.0,0.0
Giriraj Singh,Bihar,Bharatiya Janata Party,Begusarai,0.0,0.0,0.0
Janardan Singh Sigriwal,Bihar,Bharatiya Janata Party,Maharajganj,1.0,31.0,132.0
Jitan Ram Manjhi,Bihar,Hindustani Awam Morcha (Secular),Gaya,0.0,0.0,0.0
Nityanand Rai,Bihar,Bharatiya Janata Party,Ujiarpur,0.0,0.0,0.0
Raj Bhushan Choudhary,Bihar,Bharatiya Janata Party,Muzaffarpur,0.0,0.0,0.0
Rajiv Pratap Rudy,Bihar,Bharatiya Janata Party,Saran,0.965811966,21.0,96.0
Rajiv Ranjan Singh,Bihar,Janata Dal (United),Munger,0.0,0.0,0.0
Shambhavi,Bihar,Lok Janshakti Party (Ram Vilas),Samastipur,0.948717949,33.0,154.0
Tokhan Sahu,Chhattisgarh,Bharatiya Janata Party,Bilaspur,0.0,0.0,0.0
Viriato Fernandes,Goa,Indian National Congress,South Goa,0.846153846,23.0,68.0
Shripad Yesso Naik,Goa,Bharatiya Janata Party,North Goa,0.0,0.0,0.0
Amit Shah,Gujarat,Bharatiya Janata Party,Gandhinagar,0.0,0.0,0.0
Chandrakant Raghunath Patil,Gujarat,Bharatiya Janata Party,Navsari,0.0,0.0,0.0
Mansukh Mandaviya,Gujarat,Bharatiya Janata Party,Porbandar,0.0,0.0,0.0
Nimuben Jayantibhai Bambhaniya,Gujarat,Bharatiya Janata Party,Bhavnagar,0.0,0.0,0.0
Parshottambhai Rupala,Gujarat,Bharatiya Janata Party,Rajkot,0.965811966,5.0,107.0
Rao Inderjit Singh,Haryana,Bharatiya Janata Party,Gurgaon,0.0,0.0,0.0
Krishan Pal Gurjar,Haryana,Bharatiya Janata Party,Faridabad,0.0,0.0,0.0
Manohar Lal,Haryana,Bharatiya Janata Party,Karnal,0.0,0.0,0.0
Jitendra Singh,Jammu and Kashmir,Bharatiya Janata Party,Udhampur,0.0,0.0,0.0
Annpurna Devi,Jharkhand,Bharatiya Janata Party,Kodarma,0.0,0.0,0.0
Bidyut Baran Mahato,Jharkhand,Bharatiya Janata Party,Jamshedpur,0.991452991,34.0,227.0
Nishikant Dubey,Jharkhand,Bharatiya Janata Party,Godda,1.0,56.0,183.0
Sanjay Seth,Jharkhand,Bharatiya Janata Party,Ranchi,0.0,0.0,0.0
Vishnu Dayal Ram,Jharkhand,Bharatiya Janata Party,Palamau,0.982905983,31.0,167.0
H D Kumaraswamy,Karnataka,Janata Dal (Secular),Mandya,0.0,0.0,0.0
K Sudhakar,Karnataka,Bharatiya Janata Party,Chikkballapur,0.914529915,28.0,163.0
Pralhad Joshi,Karnataka,Bharatiya Janata Party,Dharwad,0.0,0.0,0.0
Shobha Karandlaje,Karnataka,Bharatiya Janata Party,Bangalore North,0.0,0.0,0.0
V Somanna,Karnataka,Bharatiya Janata Party,Tumkur,0.0,0.0,0.0
Benny Behanan,Kerala,Indian National Congress,Chalakudy,0.854700855,25.0,137.0
Dean Kuriakose,Kerala,Indian National Congress,Idukki,0.871794872,44.0,146.0
E T Mohammed Basheer,Kerala,Indian Union Muslim League,Malappuram,0.931623932,37.0,93.0
Hibi Eden,Kerala,Indian National Congress,Ernakulam,0.905982906,43.0,108.0
N K Premachandran,Kerala,Revolutionary Socialist Party,Kollam,0.905982906,80.0,92.0
Shafi Parambil,Kerala,Indian National Congress,Vadakara,0.752136752,15.0,113.0
Shashi Tharoor,Kerala,Indian National Congress,Thiruvananthapuram,0.923076923,30.0,106.0
Suresh Gopi,Kerala,Bharatiya Janata Party,Thrissur,0.0,0.0,0.0
Adoor Prakash,Kerala,Indian National Congress,Attingal,0.846153846,28.0,152.0
V K Sreekandan,Kerala,Indian National Congress,Palakkad,0.897435897,31.0,128.0
Bharti Pardhi,Madhya Pradesh,Bharatiya Janata Party,Balaghat,0.957264957,33.0,191.0
Darshan Singh Choudhary,Madhya Pradesh,Bharatiya Janata Party,Hoshangabad,0.94017094,34.0,102.0
Durgadas D D Uikey,Madhya Pradesh,Bharatiya Janata Party,Betul,0.0,0.0,0.0
Ganesh Singh,Madhya Pradesh,Bharatiya Janata Party,Satna,0.923076923,29.0,105.0
Jyotiraditya M Scindia,Madhya Pradesh,Bharatiya Janata Party,Guna,0.0,0.0,0.0
Savitri Thakur,Madhya Pradesh,Bharatiya Janata Party,Dhar,0.0,0.0,0.0
Shivraj Singh Chouhan,Madhya Pradesh,Bharatiya Janata Party,Vidisha,0.0,0.0,0.0
Virendra Kumar,Madhya Pradesh,Bharatiya Janata Party,Tikamgarh,0.0,0.0,0.0
Gowaal Kagada Padavi,Maharashtra,Indian National Congress,Nandurbar,0.957264957,38.0,106.0
Anup Sanjay Dhotre,Maharashtra,Bharatiya Janata Party,Akola,1.0,24.0,120.0
Arvind Ganpat Sawant,Maharashtra,Shiv Sena (Uddhav Balasaheb Thackeray),Mumbai South,0.991452991,47.0,172.0
Bachhav Shobha Dinesh,Maharashtra,Indian National Congress,Dhule,0.991452991,22.0,100.0
Balwant Baswant Wankhade,Maharashtra,Indian National Congress,Amravati,0.871794872,17.0,102.0
Prashant Yadaorao Padole,Maharashtra,Indian National Congress,Bhandara-Gondiya,0.923076923,61.0,80.0
Hemant Vishnu Savara,Maharashtra,Bharatiya Janata Party,Palghar,0.974358974,31.0,217.0
Prataprao Ganpatrao Jadhav,Maharashtra,Shiv Sena,Buldhana,0.0,0.0,0.0
Murlidhar Mohol,Maharashtra,Bharatiya Janata Party,Pune,0.0,0.0,0.0
Nitin Jairam Gadkari,Maharashtra,Bharatiya Janata Party,Nagpur,0.0,0.0,0.0
Omprakash Bhupalsinh Alias Pavan Rajenimbalkar,Maharashtra,Shiv Sena (Uddhav Balasaheb Thackeray),Osmanabad,0.965811966,64.0,166.0
Piyush Vedprakash Goyal,Maharashtra,Bharatiya Janata Party,Mumbai North,0.0,0.0,0.0
Praniti Sushilkumar Shinde,Maharashtra,Indian National Congress,Solapur,0.905982906,33.0,112.0
Raksha Nikhil Khadse,Maharashtra,Bharatiya Janata Party,Raver,0.0,0.0,0.0
Ravindra Dattaram Waikar,Maharashtra,Shiv Sena,Mumbai North West,0.982905983,42.0,187.0
Shrikant Eknath Shinde,Maharashtra,Shiv Sena,Kalyan,0.777777778,27.0,203.0
Shrirang Appa Chandu Barne,Maharashtra,Shiv Sena,Maval,0.948717949,49.0,230.0
Smita Uday Wagh,Maharashtra,Bharatiya Janata Party,Jalgaon,0.957264957,44.0,232.0
Supriya Sule,Maharashtra,Nationalist Congress Party Sharadchandra Pawar,Baramati,0.957264957,66.0,188.0
Vishaldada Prakashbapu Patil,Maharashtra,Independent,Sangli,0.923076923,73.0,148.0
Bhartruhari Mahtab,Odisha,Bharatiya Janata Party,Cuttack,0.931623932,41.0,221.0
Dharmendra Pradhan,Odisha,Bharatiya Janata Party,Sambalpur,0.0,0.0,0.0
Jual Oram,Odisha,Bharatiya Janata Party,Sundargarh,0.0,0.0,0.0
Saptagiri Sankar Ulaka,Odisha,Indian National Congress,Koraput,0.982905983,83.0,133.0
Dharamvira Gandhi,Punjab,Indian National Congress,Patiala,0.786324786,10.0,44.0
Arjun Ram Meghwal,Rajasthan,Bharatiya Janata Party,Bikaner,0.0,0.0,0.0
Bhagirath Choudhary,Rajasthan,Bharatiya Janata Party,Ajmer,0.0,0.0,0.0
Bhupender Yadav,Rajasthan,Bharatiya Janata Party,Alwar,0.0,0.0,0.0
Damodar Agrawal,Rajasthan,Bharatiya Janata Party,Bhilwara,0.991452991,21.0,177.0
Gajendra Singh Shekhawat,Rajasthan,Bharatiya Janata Party,Jodhpur,0.0,0.0,0.0
Hanuman Beniwal,Rajasthan,Rashtriya Loktantrik Party,Nagaur,0.991452991,58.0,127.0
Lumba Ram,Rajasthan,Bharatiya Janata Party,Jalore,0.974358974,30.0,211.0
P P Chaudhary,Rajasthan,Bharatiya Janata Party,Pali,0.982905983,39.0,223.0
Rajkumar Roat,Rajasthan,Bharat Adivasi Party,Banswara,0.923076923,41.0,105.0
Rao Rajendra Singh,Rajasthan,Bharatiya Janata Party,Jaipur Rural,0.982905983,16.0,76.0
C N Annadurai,Tamil Nadu,Dravida Munnetra Kazhagam,Tiruvannamalai,0.760683761,35.0,208.0
D M Kathir Anand,Tamil Nadu,Dravida Munnetra Kazhagam,Vellore,0.863247863,41.0,125.0
Kanimozhi Karunanidhi,Tamil Nadu,Dravida Munnetra Kazhagam,Thoothukkudi,0.760683761,27.0,93.0
Manickam Tagore B,Tamil Nadu,Indian National Congress,Virudhunagar,0.923076923,45.0,148.0
Navaskani K,Tamil Nadu,Indian Union Muslim League,Ramanathapuram,0.863247863,183.0,185.0
S Jothimani,Tamil Nadu,Indian National Congress,Karur,0.957264957,36.0,122.0
T Sumathy Alias Thamizhachi Thangapandian,Tamil Nadu,Dravida Munnetra Kazhagam,Chennai South,0.829059829,59.0,131.0
Kalanidhi Veeraswamy,Tamil Nadu,Dravida Munnetra Kazhagam,Chennai North,0.863247863,18.0,115.0
G Kishan Reddy,Telangana,Bharatiya Janata Party,Secunderabad,0.0,0.0,0.0
Kadiyam Kavya,Telangana,Indian National Congress,Warangal,0.88034188,7.0,74.0
Bandi Sanjay Kumar,Telangana,Bharatiya Janata Party,Karimnagar,0.0,0.0,0.0
Anand Bhadauria,Uttar Pradesh,Samajwadi Party,Dhaurahra,0.948717949,33.0,99.0
Anupriya Patel,Uttar Pradesh,Apna Dal (Soneylal),Mirzapur,0.0,0.0,0.0
Chandra Shekhar,Uttar Pradesh,Aazad Samaj Party (Kanshi Ram),Nagina,0.905982906,57.0,77.0
Dharmendra Yadav,Uttar Pradesh,Samajwadi Party,Azamgarh,0.957264957,28.0,102.0
Iqra Choudhary,Uttar Pradesh,Samajwadi Party,Kairana,0.94017094,29.0,108.0
Jagdambika Pal,Uttar Pradesh,Bharatiya Janata Party,Domariyaganj,1.0,98.0,152.0
Jitin Prasada,Uttar Pradesh,Bharatiya Janata Party,Pilibhit,0.0,0.0,0.0
Kamlesh Paswan,Uttar Pradesh,Bharatiya Janata Party,Bansgaon,0.0,0.0,0.0
Kirti Vardhan Singh,Uttar Pradesh,Bharatiya Janata Party,Gonda,0.0,0.0,0.0
Narendra Modi,Uttar Pradesh,Bharatiya Janata Party,Varanasi,0.0,0.0,0.0
Pankaj Choudhary,Uttar Pradesh,Bharatiya Janata Party,Maharajganj,0.0,0.0,0.0
Rajeev Rai,Uttar Pradesh,Samajwadi Party,Ghosi,0.982905983,38.0,112.0
Rajkumar Chahar,Uttar Pradesh,Bharatiya Janata Party,Fatehpur Sikri,0.974358974,20.0,96.0
Rajnath Singh,Uttar Pradesh,Bharatiya Janata Party,Lucknow,0.0,0.0,0.0
Ramashankar Rajbhar,Uttar Pradesh,Samajwadi Party,Salempur,0.974358974,33.0,62.0
Ravindra Shukla Alias Ravi Kishan,Uttar Pradesh,Bharatiya Janata Party,Gorakhpur,0.675213675,22.0,203.0
S P Singh Baghel,Uttar Pradesh,Bharatiya Janata Party,Agra,0.0,0.0,0.0
Ajay Tamta,Uttarakhand,Bharatiya Janata Party,Almora,0.0,0.0,0.0
Jayanta Kumar Roy,West Bengal,Bharatiya Janata Party,Jalpaiguri,0.948717949,11.0,77.0
Raju Bista,West Bengal,Bharatiya Janata Party,Darjeeling,0.94017094,34.0,120.0
Shantanu Thakur,West Bengal,Bharatiya Janata Party,Bangaon,0.0,0.0,0.0
Sukanta Majumdar,West Bengal,Bharatiya Janata Party,Balurghat,0.0,0.0,0.0
Manish Tewari,Chandigarh,Indian National Congress,Chandigarh,0.957264957,33.0,107.0
Bharatsinhji Shankarji Dabhi,Gujarat,Bharatiya Janata Party,Patan,0.94017094,4.0,38.0
Harsh Malhotra,Delhi,Bharatiya Janata Party,East Delhi,0.0,0.0,0.0
Manoj Tiwari,Delhi,Bharatiya Janata Party,North East Delhi,0.897435897,14.0,204.0
Pradeep Kumar Singh,Bihar,Bharatiya Janata Party,Araria,0.948717949,5.0,164.0
Kuldeep Indora,Rajasthan,Indian National Congress,Ganganagar,0.786324786,14.0,99.0
Tharaniventhan M S,Tamil Nadu,Dravida Munnetra Kazhagam,Arani,0.743589744,6.0,91.0
Virendra Singh,Uttar Pradesh,Samajwadi Party,Chandauli,0.948717949,33.0,62.0
G Lakshminarayana,Andhra Pradesh,Telugu Desam Party,Ananthapur,0.914529915,15.0,128.0
Appalanaidu Kalisetti,Andhra Pradesh,Telugu Desam Party,Vizianagaram,0.991452991,13.0,141.0
B K Parthasarathi,Andhra Pradesh,Telugu Desam Party,Hindupur,0.692307692,2.0,144.0
Balashowry Vallabhaneni,Andhra Pradesh,Jana Sena Party,Machilipatnam,0.846153846,23.0,120.0
C M Ramesh,Andhra Pradesh,Bharatiya Janata Party,Anakapalle,0.811965812,14.0,110.0
Daggubati Purandeswari,Andhra Pradesh,Bharatiya Janata Party,Rajahmundry,0.897435897,18.0,137.0
Daggumalla Prasada Rao,Andhra Pradesh,Telugu Desam Party,Chittoor,0.931623932,7.0,133.0
Gumma Thanuja Rani,Andhra Pradesh,Yuvajana Sramika Rythu Congress Party,Araku,0.888888889,11.0,78.0
Kesineni Sivanath,Andhra Pradesh,Telugu Desam Party,Vijayawada,0.871794872,11.0,134.0
Magunta Sreenivasulu Reddy,Andhra Pradesh,Telugu Desam Party,Ongole,0.846153846,10.0,142.0
Bastipati Nagaraju,Andhra Pradesh,Telugu Desam Party,Kurnoolu,0.94017094,13.0,140.0
P V Midhun Reddy,Andhra Pradesh,Yuvajana Sramika Rythu Congress Party,Rajampet,0.555555556,12.0,113.0
Prabhakar Reddy Vemireddy,Andhra Pradesh,Telugu Desam Party,Nellore,0.777777778,7.0,130.0
Sribharat Mathukumilli,Andhra Pradesh,Telugu Desam Party,Visakhapatnam,0.957264957,15.0,124.0
Tangella Uday Srinivas,Andhra Pradesh,Jana Sena Party,Kakinada,0.888888889,19.0,74.0
Y S Avinash Reddy,Andhra Pradesh,Yuvajana Sramika Rythu Congress Party,Kadapa,0.512820513,12.0,126.0
Tapir Gao,Arunachal Pradesh,Bharatiya Janata Party,Arunachal East,0.974358974,8.0,85.0
Bijuli Kalita Medhi,Assam,Bharatiya Janata Party,Guwahati,0.974358974,6.0,59.0
Dilip Saikia,Assam,Bharatiya Janata Party,Darang Udalguri,0.914529915,50.0,204.0
Gaurav Gogoi,Assam,Indian National Congress,Jorhat,0.846153846,29.0,117.0
Joyanta Basumatary,Assam,"United Peoples Party, Liberal",Kokrajhar,0.871794872,23.0,74.0
Kamakhya Prasad Tasa,Assam,Bharatiya Janata Party,Kaziranga,0.863247863,17.0,53.0
Kripanath Mallah,Assam,Bharatiya Janata Party,Karimganj,0.982905983,5.0,81.0
Parimal Suklabaidya,Assam,Bharatiya Janata Party,Silchar,0.957264957,8.0,25.0
Phani Bhusan Choudhury,Assam,Asom Gana Parishad,Barpeta,0.846153846,7.0,15.0
Pradan Baruah,Assam,Bharatiya Janata Party,Lakhimpur,0.914529915,2.0,3.0
Pradyut Bordoloi,Assam,Indian National Congress,Nagaon,0.760683761,9.0,129.0
Md. Rakibul Hussain,Assam,Indian National Congress,Dhubri,0.863247863,16.0,77.0
Ranjit Dutta,Assam,Bharatiya Janata Party,Sonitpur,0.888888889,2.0,26.0
Sunil Kumar,Bihar,Janata Dal (United),Valmiki Nagar,0.991452991,22.0,91.0
Bhumare Sandipanrao Asaram,Maharashtra,Shiv Sena,Aurangabad,0.743589744,6.0,172.0
Abhay Kumar Sinha,Bihar,Rashtriya Janata Dal,Aurangabad,0.931623932,37.0,37.0
Ashok Kumar Yadav,Bihar,Bharatiya Janata Party,Madhubani,0.974358974,1.0,7.0
Devesh Chandra Thakur,Bihar,Janata Dal (United),Sitamarhi,0.752136752,2.0,19.0
Dileshwar Kamait,Bihar,Janata Dal (United),Supaul,0.991452991,33.0,116.0
Dinesh Chandra Yadav,Bihar,Janata Dal (United),Madhepura,0.897435897,21.0,103.0
Giridhari Yadav,Bihar,Janata Dal (United),Banka,0.752136752,3.0,99.0
Gopal Jee Thakur,Bihar,Bharatiya Janata Party,Darbhanga,0.957264957,14.0,75.0
Kaushalendra Kumar,Bihar,Janata Dal (United),Nalanda,0.991452991,26.0,117.0
Lovely Anand,Bihar,Janata Dal (United),Sheohar,0.957264957,27.0,76.0
Manoj Kumar,Bihar,Indian National Congress,Sasaram,0.923076923,13.0,25.0
Mohammad Jawed,Bihar,Indian National Congress,Kishanganj,0.991452991,35.0,101.0
Raja Ram Singh,Bihar,Communist Party of India (Marxist-Leninist) (Liberation),Karakat,0.965811966,26.0,88.0
Rajesh Ranjan,Bihar,Independent,Purnia,0.777777778,54.0,103.0
Rajesh Verma,Bihar,Lok Janshakti Party (Ram Vilas),Khagaria,0.777777778,20.0,158.0
Ramprit Mandal,Bihar,Janata Dal (United),Jhanjharpur,0.923076923,13.0,79.0
Sanjay Jaiswal,Bihar,Bharatiya Janata Party,Paschim Champaran,0.897435897,20.0,89.0
Sudama Prasad,Bihar,Communist Party of India (Marxist-Leninist) (Liberation),Arrah,1.0,30.0,88.0
Sudhakar Singh,Bihar,Rashtriya Janata Dal,Buxar,0.948717949,30.0,75.0
Tariq Anwar,Bihar,Indian National Congress,Katihar,0.957264957,11.0,46.0
Veena Devi,Bihar,Lok Janshakti Party (Ram Vilas),Vaishali,0.982905983,4.0,1.0
Vijaylakshmi Devi,Bihar,Janata Dal (United),Siwan,0.991452991,4.0,79.0
Vivek Thakur,Bihar,Bharatiya Janata Party,Nawada,0.957264957,2.0,19.0
Bhojraj Nag,Chhattisgarh,Bharatiya Janata Party,Kanker,0.846153846,1.0,150.0
Brijmohan Agrawal,Chhattisgarh,Bharatiya Janata Party,Raipur,0.837606838,18.0,124.0
Chintamani Maharaj,Chhattisgarh,Bharatiya Janata Party,Surguja,0.820512821,2.0,83.0
Jyotsna Charandas Mahant,Chhattisgarh,Indian National Congress,Korba,0.88034188,9.0,57.0
Kamlesh Jangde,Chhattisgarh,Bharatiya Janata Party,Janjgir-Champa,0.923076923,6.0,146.0
Mahesh Kashyap,Chhattisgarh,Bharatiya Janata Party,Bastar,0.803418803,9.0,74.0
Radheshyam Rathiya,Chhattisgarh,Bharatiya Janata Party,Raigarh,0.811965812,4.0,62.0
Roopkumari Choudhary,Chhattisgarh,Bharatiya Janata Party,Mahasamund,0.923076923,10.0,122.0
Santosh Pandey,Chhattisgarh,Bharatiya Janata Party,Rajnandgaon,0.923076923,12.0,16.0
Vijay Baghel,Chhattisgarh,Bharatiya Janata Party,Durg,0.888888889,11.0,206.0
Bharatbhai Manubhai Sutariya,Gujarat,Bharatiya Janata Party,Amreli,0.965811966,2.0,7.0
Chandubhai Chhaganbhai Shihora,Gujarat,Bharatiya Janata Party,Surendranagar,0.897435897,1.0,7.0
Chavda Vinod Lakhamshi,Gujarat,Bharatiya Janata Party,Kachchh,0.923076923,5.0,142.0
Chudasama Rajeshbhai Naranbhai,Gujarat,Bharatiya Janata Party,Junagadh,0.905982906,2.0,143.0
Devusinh Chauhan,Gujarat,Bharatiya Janata Party,Kheda,0.982905983,1.0,50.0
Dhaval Laxmanbhai Patel,Gujarat,Bharatiya Janata Party,Valsad,0.94017094,7.0,77.0
Dineshbhai Makwana,Gujarat,Bharatiya Janata Party,Ahmedabad West,0.991452991,6.0,193.0
Geniben Nagaji Thakor,Gujarat,Indian National Congress,Banaskantha,0.888888889,23.0,94.0
Haribhai Patel,Gujarat,Bharatiya Janata Party,Mahesana,0.974358974,13.0,99.0
Hasmukhbhai Somabhai Patel,Gujarat,Bharatiya Janata Party,Ahmedabad East,0.982905983,10.0,71.0
Hemang Joshi,Gujarat,Bharatiya Janata Party,Vadodara,0.931623932,6.0,63.0
Jashubhai Bhilubhai Rathva,Gujarat,Bharatiya Janata Party,Chhota Udaipur,0.948717949,3.0,100.0
Jaswantsinh Sumanbhai Bhabhor,Gujarat,Bharatiya Janata Party,Dahod,0.94017094,8.0,144.0
Mansukhbhai Dhanjibhai Vasava,Gujarat,Bharatiya Janata Party,Bharuch,0.871794872,19.0,28.0
Mitesh Patel Bakabhai,Gujarat,Bharatiya Janata Party,Anand,0.991452991,20.0,82.0
Mukeshkumar Chandrakaant Dalal,Gujarat,Bharatiya Janata Party,Surat,0.982905983,20.0,140.0
Parbhubhai Nagarbhai Vasava,Gujarat,Bharatiya Janata Party,Bardoli,0.786324786,11.0,87.0
Poonamben Hematbhai Maadam,Gujarat,Bharatiya Janata Party,Jamnagar,0.897435897,10.0,150.0
Rajpalsinh Mahendrasinh Jadav,Gujarat,Bharatiya Janata Party,Panchmahal,0.94017094,6.0,14.0
Shobhanaben Mahendrasinh Baraiya,Gujarat,Bharatiya Janata Party,Sabarkantha,0.982905983,15.0,173.0
Deepender Singh Hooda,Haryana,Indian National Congress,Rohtak,0.94017094,14.0,55.0
Dharambir Singh,Haryana,Bharatiya Janata Party,Bhiwani-Mahendragarh,0.957264957,16.0,142.0
Jai Parkash,Haryana,Indian National Congress,Hisar,0.965811966,5.0,43.0
Naveen Jindal,Haryana,Bharatiya Janata Party,Kurukshetra,0.786324786,20.0,89.0
Satpal Brahamchari,Haryana,Indian National Congress,Sonipat,0.965811966,11.0,144.0
Kumari Selja,Haryana,Indian National Congress,Sirsa,0.905982906,7.0,28.0
Varun Chaudhry,Haryana,Indian National Congress,Ambala,1.0,10.0,46.0
Anurag Singh Thakur,Himachal Pradesh,Bharatiya Janata Party,Hamirpur,0.914529915,25.0,122.0
Kangna Ranaut,Himachal Pradesh,Bharatiya Janata Party,Mandi,0.846153846,16.0,143.0
Rajeev Bhardwaj,Himachal Pradesh,Bharatiya Janata Party,Kangra,0.957264957,11.0,93.0
Suresh Kumar Kashyap,Himachal Pradesh,Bharatiya Janata Party,Shimla,0.854700855,22.0,133.0
Abdul Rashid Sheikh,Jammu And Kashmir,Independent,Baramulla,0.290598291,18.0,6.0
Aga Syed Ruhullah Mehdi,Jammu and Kashmir,Jammu and Kashmir National Conference,Srinagar,0.94017094,16.0,10.0
Jugal Kishore,Jammu And Kashmir,Bharatiya Janata Party,Jammu,0.905982906,25.0,147.0
Mian Altaf Ahmad,Jammu And Kashmir,Jammu and Kashmir National Conference,Anantnag-Rajouri,0.666666667,13.0,11.0
Chandra Prakash Choudhary,Jharkhand,AJSU Party,Giridih,0.871794872,16.0,90.0
Dulu Mahato,Jharkhand,Bharatiya Janata Party,Dhanbad,0.829059829,23.0,152.0
Joba Majhi,Jharkhand,Jharkhand Mukti Morcha,Singhbhum,0.752136752,4.0,26.0
Kali Charan Munda,Jharkhand,Indian National Congress,Khunti,0.829059829,15.0,2.0
Mohmad Haneefa,Ladakh,Independent,Ladakh,0.871794872,13.0,53.0
Manish Jaiswal,Jharkhand,Bharatiya Janata Party,Hazaribagh,0.957264957,27.0,180.0
Nalin Soren,Jharkhand,Jharkhand Mukti Morcha,Dumka,0.418803419,3.0,84.0
Sukhdeo Bhagat,Jharkhand,Indian National Congress,Lohardaga,0.923076923,11.0,62.0
Vijay Kumar Hansdak,Jharkhand,Jharkhand Mukti Morcha,Rajmahal,0.863247863,9.0,28.0
B Y Raghavendra,Karnataka,Bharatiya Janata Party,Shimoga,0.752136752,5.0,60.0
Basavaraj Bommai,Karnataka,Bharatiya Janata Party,Haveri,0.777777778,2.0,115.0
Brijesh Chowta,Karnataka,Bharatiya Janata Party,Dakshina Kannada,0.957264957,28.0,143.0
C N Manjunath,Karnataka,Bharatiya Janata Party,Bangalore Rural,0.94017094,12.0,13.0
E Tukaram,Karnataka,Indian National Congress,Bellary,0.555555556,1.0,37.0
G Kumar Naik,Karnataka,Indian National Congress,Raichur,0.863247863,10.0,61.0
Govind Makthappa Karjol,Karnataka,Bharatiya Janata Party,Chitradurga,0.743589744,2.0,64.0
Jagadish Shettar,Karnataka,Bharatiya Janata Party,Belgaum,0.846153846,2.0,33.0
Kota Srinivasa Poojary,Karnataka,Bharatiya Janata Party,Udupi Chikmagalur,0.854700855,14.0,156.0
M Mallesh Babu,Karnataka,Janata Dal (Secular),Kolar,0.905982906,11.0,17.0
P C Mohan,Karnataka,Bharatiya Janata Party,Bangalore Central,0.965811966,4.0,164.0
Gaddigoudar Parvatagouda Chandanagouda,Karnataka,Bharatiya Janata Party,Bagalkot,0.888888889,1.0,16.0
Prabha Mallikarjun,Karnataka,Indian National Congress,Davangere,0.846153846,22.0,70.0
Priyanka Satish Jarkiholi,Karnataka,Indian National Congress,Chikkodi,0.572649573,1.0,4.0
Radhakrishna,Karnataka,Indian National Congress,Gulbarga,0.512820513,3.0,35.0
Ramesh Chandappa Jigajinagi,Karnataka,Bharatiya Janata Party,Bijapur,0.905982906,1.0,4.0
Sagar Eshwar Khandre,Karnataka,Indian National Congress,Bidar,0.854700855,5.0,7.0
Shreyas M Patel,Karnataka,Indian National Congress,Hassan,0.786324786,15.0,15.0
Sunil Bose,Karnataka,Indian National Congress,Chamarajanagar,0.58974359,1.0,25.0
Tejasvi Surya,Karnataka,Bharatiya Janata Party,Bangalore South,0.794871795,23.0,153.0
Vishweshwar Hegde Kageri,Karnataka,Bharatiya Janata Party,Uttara Kannada,0.948717949,12.0,164.0
Yaduveer Wadiyar,Karnataka,Bharatiya Janata Party,Mysore,0.854700855,13.0,87.0
Anto Antony,Kerala,Indian National Congress,Pathanamthitta,0.794871795,25.0,151.0
K. Francis George,Kerala,Kerala Congress,Kottayam,0.777777778,33.0,33.0
K C Venugopal,Kerala,Indian National Congress,Alappuzha,0.863247863,38.0,119.0
K Radhakrishnan,Kerala,Communist Party Of India (Marxist),Alathur,0.811965812,17.0,107.0
K Sudhakaran,Kerala,Indian National Congress,Kannur,0.606837607,8.0,137.0
M K Raghavan,Kerala,Indian National Congress,Kozhikode,0.743589744,23.0,120.0
M P Abdussamad Samadani,Kerala,Indian Union Muslim League,Ponnani,0.863247863,17.0,103.0
Priyanka Gandhi Vadra,Kerala,Indian National Congress,Wayanad,0.842105263,9.0,24.0
Rajmohan Unnithan,Kerala,Indian National Congress,Kasaragod,0.811965812,21.0,98.0
Kodikunnil Suresh,Kerala,Indian National Congress,Mavelikkara,0.846153846,47.0,117.0
Alok Sharma,Madhya Pradesh,Bharatiya Janata Party,Bhopal,0.905982906,10.0,181.0
Anil Firojiya,Madhya Pradesh,Bharatiya Janata Party,Ujjain,0.88034188,9.0,104.0
Anita Nagarsingh Chouhan,Madhya Pradesh,Bharatiya Janata Party,Ratlam,0.820512821,16.0,41.0
Ashish Dubey,Madhya Pradesh,Bharatiya Janata Party,Jabalpur,0.982905983,15.0,45.0
Bharat Singh Kushwah,Madhya Pradesh,Bharatiya Janata Party,Gwalior,0.914529915,1.0,29.0
Bunty Vivek Sahu,Madhya Pradesh,Bharatiya Janata Party,Chhindwara,0.829059829,7.0,62.0
Rajesh Mishra,Madhya Pradesh,Bharatiya Janata Party,Sidhi,0.991452991,23.0,180.0
Faggan Singh Kulaste,Madhya Pradesh,Bharatiya Janata Party,Mandla,0.88034188,4.0,17.0
Gajendra Singh Patel,Madhya Pradesh,Bharatiya Janata Party,Khargone,0.957264957,11.0,69.0
Gyaneshwar Patil,Madhya Pradesh,Bharatiya Janata Party,Khandwa,0.914529915,10.0,183.0
Himadri Singh,Madhya Pradesh,Bharatiya Janata Party,Shahdol,0.957264957,5.0,123.0
Janardan Mishra,Madhya Pradesh,Bharatiya Janata Party,Rewa,1.0,15.0,142.0
Lata Wankhede,Madhya Pradesh,Bharatiya Janata Party,Sagar,0.863247863,16.0,73.0
Rahul Singh Lodhi,Madhya Pradesh,Bharatiya Janata Party,Damoh,0.931623932,5.0,45.0
Rodmal Nagar,Madhya Pradesh,Bharatiya Janata Party,Rajgarh,0.931623932,23.0,24.0
Sandhya Ray,Madhya Pradesh,Bharatiya Janata Party,Bhind,0.974358974,6.0,45.0
Shankar Lalwani,Madhya Pradesh,Bharatiya Janata Party,Indore,1.0,16.0,116.0
Sudheer Gupta,Madhya Pradesh,Bharatiya Janata Party,Mandsour,0.931623932,40.0,194.0
Vishnu Datt Sharma,Madhya Pradesh,Bharatiya Janata Party,Khajuraho,0.760683761,6.0,115.0
Amar Sharadrao Kale,Maharashtra,Nationalist Congress Party Sharadchandra Pawar,Wardha,0.854700855,8.0,93.0
Amol Ramsing Kolhe,Maharashtra,Nationalist Congress Party Sharadchandra Pawar,Shirur,0.777777778,15.0,192.0
Anil Yeshwant Desai,Maharashtra,Shiv Sena (Uddhav Balasaheb Thackeray),Mumbai South Central,0.957264957,21.0,94.0
Bajrang Manohar Sonwane,Maharashtra,Nationalist Congress Party Sharadchandra Pawar,Beed,0.871794872,34.0,164.0
Bhaskar Murlidhar Bhagare,Maharashtra,Nationalist Congress Party Sharadchandra Pawar,Dindori,0.957264957,33.0,180.0
Bhausaheb Rajaram Wakchaure,Maharashtra,Shiv Sena (Uddhav Balasaheb Thackeray),Shirdi,0.905982906,9.0,116.0
Chavan Ravindra Vasantrao,Maharashtra,Indian National Congress,Nanded,0.673684211,7.0,125.0
Chhatrapati Shahu Shahaji,Maharashtra,Indian National Congress,Kolhapur,0.538461538,3.0,3.0
Dhairyasheel Sambhajirao Mane,Maharashtra,Shiv Sena,Hatkanangle,0.752136752,16.0,187.0
Dhanorkar Pratibha Suresh,Maharashtra,Indian National Congress,Chandrapur,0.897435897,17.0,56.0
Shivaji Bandappa Kalge,Maharashtra,Indian National Congress,Latur,0.897435897,21.0,161.0
Gaikwad Varsha Eknath,Maharashtra,Indian National Congress,Mumbai North Central,0.948717949,38.0,195.0
Kalyan Vaijinathrao Kale,Maharashtra,Indian National Congress,Jalna,0.846153846,5.0,68.0
Mohite Patil Dhairyasheel Rajsinh,Maharashtra,Nationalist Congress Party Sharadchandra Pawar,Madha,0.846153846,10.0,182.0
Namdeo Kirsan,Maharashtra,Indian National Congress,Gadchiroli-Chimur,0.752136752,20.0,136.0
Naresh Ganpat Mhaske,Maharashtra,Shiv Sena,Thane,0.957264957,41.0,209.0
Balabhadra Majhi,Odisha,Bharatiya Janata Party,Nabarangpur,0.914529915,13.0,144.0
Nilesh Dnyandev Lanke,Maharashtra,Nationalist Congress Party Sharadchandra Pawar,Ahmednagar,0.777777778,36.0,204.0
Rajabhau Parag Prakash Waje,Maharashtra,Shiv Sena (Uddhav Balasaheb Thackeray),Nashik,0.931623932,28.0,59.0
Sanjay Dina Patil,Maharashtra,Shiv Sena (Uddhav Balasaheb Thackeray),Mumbai North East,0.837606838,14.0,177.0
Sanjay Haribhau Jadhav,Maharashtra,Shiv Sena (Uddhav Balasaheb Thackeray),Parbhani,0.64957265,9.0,183.0
Sanjay Uttamrao Deshmukh,Maharashtra,Shiv Sena (Uddhav Balasaheb Thackeray),Yavatmal-Washim,0.846153846,19.0,123.0
Shyamkumar Daulat Barve,Maharashtra,Indian National Congress,Ramtek,0.931623932,16.0,96.0
Balya Mama Suresh Gopinath Mhatre,Maharashtra,Nationalist Congress Party Sharadchandra Pawar,Bhiwandi,0.641025641,10.0,120.0
Tatkare Sunil Dattatrey,Maharashtra,Nationalist Congress Party,Raigad,0.641025641,10.0,88.0
Angomcha Bimol Akoijam,Manipur,Indian National Congress,Inner Manipur,0.863247863,13.0,55.0
Ricky Andrew J Syngkon,Meghalaya,Voice of the People Party,Shillong,0.735042735,9.0,19.0
Saleng A Sangma,Meghalaya,Indian National Congress,Tura,0.914529915,11.0,14.0
Richard Vanlalhmangaiha,Mizoram,Zoram People's Movement,Mizoram,0.982905983,3.0,12.0
S Supongmeren Jamir,Nagaland,Indian National Congress,Nagaland,0.965811966,21.0,7.0
Ananta Nayak,Odisha,Bharatiya Janata Party,Keonjhar,0.974358974,17.0,78.0
Anita Subhadarshini,Odisha,Bharatiya Janata Party,Aska,0.897435897,24.0,29.0
Aparajita Sarangi,Odisha,Bharatiya Janata Party,Bhubaneswar,0.854700855,9.0,129.0
Avimanyu Sethi,Odisha,Bharatiya Janata Party,Bhadrak,0.965811966,5.0,44.0
Baijayant Panda,Odisha,Bharatiya Janata Party,Kendrapara,0.820512821,3.0,116.0
Bibhu Prasad Tarai,Odisha,Bharatiya Janata Party,Jagatsinghpur,0.931623932,14.0,141.0
Pradeep Kumar Panigrahy,Odisha,Bharatiya Janata Party,Berhampur,0.623931624,8.0,34.0
Malvika Devi,Odisha,Bharatiya Janata Party,Kalahandi,0.982905983,40.0,72.0
Naba Charan Majhi,Odisha,Bharatiya Janata Party,Mayurbhanj,0.829059829,2.0,207.0
Pradeep Purohit,Odisha,Bharatiya Janata Party,Bargarh,0.982905983,22.0,131.0
Pratap Chandra Sarangi,Odisha,Bharatiya Janata Party,Balasore,0.777777778,7.0,127.0
Rabindra Narayan Behera,Odisha,Bharatiya Janata Party,Jajpur,0.923076923,11.0,14.0
Sanjna Jatav,Rajasthan,Indian National Congress,Bharatpur,1.0,13.0,82.0
Rudra Narayan Pany,Odisha,Bharatiya Janata Party,Dhenkanal,0.811965812,18.0,29.0
Sambit Patra,Odisha,Bharatiya Janata Party,Puri,0.905982906,14.0,55.0
Sangeeta Kumari Singh Deo,Odisha,Bharatiya Janata Party,Bolangir,0.846153846,30.0,80.0
Sukanta Kumar Panigrahi,Odisha,Bharatiya Janata Party,Kandhamal,0.957264957,17.0,114.0
Amar Singh,Punjab,Indian National Congress,Fatehgarh Sahib,0.982905983,14.0,120.0
Amrinder Singh Raja Warring,Punjab,Indian National Congress,Ludhiana,0.666666667,15.0,82.0
Charanjit Singh Channi,Punjab,Indian National Congress,Jalandhar,0.683760684,6.0,108.0
Gurjeet Singh Aujla,Punjab,Indian National Congress,Amritsar,0.88034188,23.0,71.0
Gurmeet Singh Meet Hayer,Punjab,Aam Aadmi Party,Sangrur,0.846153846,24.0,81.0
Harsimrat Kaur Badal,Punjab,Shiromani Akali Dal,Bathinda,0.700854701,21.0,68.0
Malvinder Singh Kang,Punjab,Aam Aadmi Party,Anandpur Sahib,0.948717949,18.0,45.0
Raj Kumar Chabbewal,Punjab,Aam Aadmi Party,Hoshiarpur,0.581196581,6.0,22.0
Sarabjeet Singh Khalsa,Punjab,Independent,Faridkot,0.358974359,1.0,1.0
Sher Singh Ghubaya,Punjab,Indian National Congress,Firozpur,0.854700855,9.0,25.0
Sukhjinder Singh Randhawa,Punjab,Indian National Congress,Gurdaspur,0.897435897,6.0,69.0
Amra Ram,Rajasthan,Communist Party of India (Marxist),Sikar,0.863247863,27.0,114.0
Bhajan Lal Jatav,Rajasthan,Indian National Congress,Karauli-Dholpur,0.914529915,8.0,38.0
Brijendra Singh Ola,Rajasthan,Indian National Congress,Jhunjhunu,1.0,20.0,79.0
Chandra Prakash Joshi,Rajasthan,Bharatiya Janata Party,Chittorgarh,0.965811966,36.0,115.0
Dushyant Singh,Rajasthan,Bharatiya Janata Party,Jhalawar-Baran,0.948717949,18.0,133.0
Harish Chandra Meena,Rajasthan,Indian National Congress,Tonk-Sawai Madhopur,0.974358974,14.0,91.0
Mahima Kumari Mewar,Rajasthan,Bharatiya Janata Party,Rajsamand,0.931623932,22.0,118.0
Manju Sharma,Rajasthan,Bharatiya Janata Party,Jaipur,0.991452991,38.0,99.0
Manna Lal Rawat,Rajasthan,Bharatiya Janata Party,Udaipur,1.0,31.0,166.0
Murari Lal Meena,Rajasthan,Indian National Congress,Dausa,0.965811966,18.0,129.0
Rahul Kaswan,Rajasthan,Indian National Congress,Churu,0.974358974,42.0,115.0
Ummeda Ram Beniwal,Rajasthan,Indian National Congress,Barmer,0.991452991,32.0,102.0
Indra Hang Subba,Sikkim,Sikkim Krantikari Morcha,Sikkim,0.888888889,10.0,33.0
Raja A,Tamil Nadu,Dravida Munnetra Kazhagam,Nilgiris,0.777777778,6.0,108.0
Patel Umeshbhai Babubhai,Dadra and Nagar Haveli,Independent,Daman and Diu,0.965811966,50.0,93.0
Arun Nehru,Tamil Nadu,Dravida Munnetra Kazhagam,Perambalur,0.871794872,29.0,57.0
D Ravi Kumar,Tamil Nadu,Viduthalai Chiruthaigal Katchi,Viluppuram,0.641025641,18.0,99.0
Dayanidhi Maran,Tamil Nadu,Dravida Munnetra Kazhagam,Chennai Central,0.743589744,5.0,78.0
Rani Srikumar,Tamil Nadu,Dravida Munnetra Kazhagam,Tenkasi,0.948717949,17.0,34.0
Durai Vaiko,Tamil Nadu,Marumalarchi Dravida Munnetra Kazhagam,Tiruchirappalli,0.905982906,21.0,76.0
Eswarasamy K,Tamil Nadu,Dravida Munnetra Kazhagam,Pollachi,0.888888889,19.0,105.0
Selvam G,Tamil Nadu,Dravida Munnetra Kazhagam,Kancheepuram,0.957264957,15.0,204.0
Ganapathy Rajkumar P,Tamil Nadu,Dravida Munnetra Kazhagam,Coimbatore,0.931623932,11.0,92.0
K Gopinath,Tamil Nadu,Indian National Congress,Krishnagiri,0.717948718,4.0,57.0
K E Prakash,Tamil Nadu,Dravida Munnetra Kazhagam,Erode,0.931623932,15.0,68.0
Subbarayan K,Tamil Nadu,Communist Party of India,Tiruppur,0.641025641,20.0,102.0
Karti P Chidambaram,Tamil Nadu,Indian National Congress,Sivaganga,0.863247863,13.0,47.0
M K Vishnu Prasad,Tamil Nadu,Indian National Congress,Cuddalore,0.914529915,16.0,107.0
Malaiyarasan D,Tamil Nadu,Dravida Munnetra Kazhagam,Kallakurichi,0.957264957,13.0,109.0
Mani A,Tamil Nadu,Dravida Munnetra Kazhagam,Dharmapuri,0.547008547,4.0,94.0
Matheswaran V S,Tamil Nadu,Dravida Munnetra Kazhagam,Namakkal,0.769230769,7.0,81.0
Murasoli S,Tamil Nadu,Dravida Munnetra Kazhagam,Thanjavur,0.905982906,11.0,45.0
Robert Bruce C,Tamil Nadu,Indian National Congress,Tirunelveli,0.948717949,15.0,44.0
S Jagathratchakan,Tamil Nadu,Dravida Munnetra Kazhagam,Arakkonam,0.452991453,8.0,124.0
S Venkatesan,Tamil Nadu,Communist Party of India (Marxist),Madurai,0.683760684,12.0,99.0
Sachithanantham R,Tamil Nadu,Communist Party of India (Marxist),Dindigul,0.931623932,19.0,81.0
Sasikanth Senthil,Tamil Nadu,Indian National Congress,Tiruvallur,0.888888889,13.0,78.0
Selvaraj V,Tamil Nadu,Communist Party of India,Nagapattinam,0.871794872,14.0,109.0
Sudha R,Tamil Nadu,Indian National Congress,Mayiladuthurai,0.948717949,15.0,74.0
Selvaganapathi T.M.,Tamil Nadu,Dravida Munnetra Kazhagam,Salem,0.846153846,18.0,127.0
T R Baalu,Tamil Nadu,Dravida Munnetra Kazhagam,Sriperumbudur,0.811965812,13.0,74.0
Tamilselvan Thanga,Tamil Nadu,Dravida Munnetra Kazhagam,Theni,0.88034188,26.0,68.0
Thirumaavalavan Tholkappiyan,Tamil Nadu,Viduthalai Chiruthaigal Katchi,Chidambaram,0.692307692,15.0,103.0
Vijayakumar Alias Vijay Vasanth,Tamil Nadu,Indian National Congress,Kanniyakumari,0.923076923,27.0,153.0
D K Aruna,Telangana,Bharatiya Janata Party,Mahbubnagar,0.811965812,21.0,135.0
Arvind Dharmapuri,Telangana,Bharatiya Janata Party,Nizamabad,0.717948718,3.0,105.0
Asaduddin Owaisi,Telangana,All India Majlis-E-Ittehadul Muslimeen,Hyderabad,0.88034188,29.0,98.0
Balram Naik Porika,Telangana,Indian National Congress,Mahabubabad,0.64957265,4.0,26.0
Chamala Kiran Kumar Reddy,Telangana,Indian National Congress,Bhongir,0.923076923,24.0,135.0
Eatala Rajender,Telangana,Bharatiya Janata Party,Malkajgiri,0.820512821,16.0,146.0
Godam Nagesh,Telangana,Bharatiya Janata Party,Adilabad,0.923076923,6.0,114.0
Konda Vishweshwar Reddy,Telangana,Bharatiya Janata Party,Chevella,0.914529915,8.0,50.0
Madhavaneni Raghunandan Rao,Telangana,Bharatiya Janata Party,Medak,0.948717949,8.0,87.0
Mallu Ravi,Telangana,Indian National Congress,Nagarkurnool,0.923076923,16.0,62.0
Ramasahayam Raghuram Reddy,Telangana,Indian National Congress,Khammam,0.717948718,12.0,104.0
Suresh Kumar Shetkar,Telangana,Indian National Congress,Zahirabad,0.846153846,9.0,129.0
Vamsi Krishna Gaddam,Telangana,Indian National Congress,Peddapalle,0.888888889,14.0,61.0
Biplab Kumar Deb,Tripura,Bharatiya Janata Party,Tripura West,0.888888889,9.0,106.0
Kriti Devi Debbarman,Tripura,Bharatiya Janata Party,Tripura East,0.829059829,9.0,49.0
Aditya Yadav,Uttar Pradesh,Samajwadi Party,Badaun,0.931623932,17.0,81.0
Ajendra Singh Lodhi,Uttar Pradesh,Samajwadi Party,Hamirpur,0.598290598,2.0,5.0
Anand Kumar,Uttar Pradesh,Bharatiya Janata Party,Baharaich,0.991452991,9.0,61.0
Anoop Pradhan Valmiki,Uttar Pradesh,Bharatiya Janata Party,Hathras,0.957264957,6.0,37.0
Anurag Sharma,Uttar Pradesh,Bharatiya Janata Party,Jhansi,0.94017094,25.0,159.0
Arun Govil,Uttar Pradesh,Bharatiya Janata Party,Meerut,0.948717949,24.0,130.0
Arun Kumar Sagar,Uttar Pradesh,Bharatiya Janata Party,Shahjahanpur,0.991452991,33.0,112.0
Ashok Kumar Rawat,Uttar Pradesh,Bharatiya Janata Party,Misrikh,0.965811966,27.0,83.0
Atul Garg,Uttar Pradesh,Bharatiya Janata Party,Ghaziabad,0.957264957,7.0,52.0
Babu Singh Kushwaha,Uttar Pradesh,Samajwadi Party,Jaunpur,0.837606838,9.0,76.0
Bhola Singh,Uttar Pradesh,Bharatiya Janata Party,Bulandshahr,0.991452991,10.0,167.0
Chandan Chauhan,Uttar Pradesh,Rashtriya Lok Dal,Bijnor,0.991452991,27.0,67.0
Chhatrapal Singh Gangwar,Uttar Pradesh,Bharatiya Janata Party,Bareilly,0.982905983,3.0,67.0
Chhotelal,Uttar Pradesh,Samajwadi Party,Robertsganj,0.897435897,22.0,38.0
Daroga Prasad Saroj,Uttar Pradesh,Samajwadi Party,Lalganj,0.905982906,9.0,46.0
Devendra Singh Alias Bhole Singh,Uttar Pradesh,Bharatiya Janata Party,Akbarpur,0.871794872,4.0,10.0
Devesh Shakya,Uttar Pradesh,Samajwadi Party,Etah,0.965811966,26.0,84.0
Dimple Yadav,Uttar Pradesh,Samajwadi Party,Mainpuri,0.794871795,7.0,9.0
Rajkumar Sangwan,Uttar Pradesh,Rashtriya Lok Dal,Baghpat,1.0,31.0,83.0
Vinod Kumar Bind,Uttar Pradesh,Bharatiya Janata Party,Bhadohi,0.888888889,19.0,116.0
Harendra Singh Malik,Uttar Pradesh,Samajwadi Party,Muzaffarnagar,0.991452991,25.0,36.0
Hemamalini Dharmendra Deol,Uttar Pradesh,Bharatiya Janata Party,Mathura,0.35042735,4.0,23.0
Imran Masood,Uttar Pradesh,Indian National Congress,Saharanpur,0.914529915,15.0,99.0
Jai Prakash,Uttar Pradesh,Bharatiya Janata Party,Hardoi,0.803418803,6.0,50.0
Jitendra Kumar Dohare,Uttar Pradesh,Samajwadi Party,Etawah,0.914529915,9.0,13.0
Kanwar Singh Tanwar,Uttar Pradesh,Bharatiya Janata Party,Amroha,0.957264957,8.0,137.0
Karan Bhushan Singh,Uttar Pradesh,Bharatiya Janata Party,Kaiserganj,0.931623932,2.0,36.0
Kishori Lal,Uttar Pradesh,Indian National Congress,Amethi,0.982905983,12.0,11.0
Krishna Devi Shivshankar Patel,Uttar Pradesh,Samajwadi Party,Banda,0.965811966,15.0,21.0
Lalji Verma,Uttar Pradesh,Samajwadi Party,Ambedkar Nagar,0.914529915,41.0,29.0
Laxmikant Pappu Nishad,Uttar Pradesh,Samajwadi Party,Sant Kabir Nagar,1.0,19.0,23.0
Mohibbullah,Uttar Pradesh,Samajwadi Party,Rampur,0.965811966,11.0,44.0
Mukesh Rajput,Uttar Pradesh,Bharatiya Janata Party,Farrukhabad,0.974358974,17.0,69.0
Narayandas Ahirwar,Uttar Pradesh,Samajwadi Party,Jalaun,1.0,15.0,18.0
Naresh Chandra Uttam Patel,Uttar Pradesh,Samajwadi Party,Fatehpur,0.965811966,14.0,11.0
Neeraj Maurya,Uttar Pradesh,Samajwadi Party,Aonla,1.0,26.0,45.0
Praveen Patel,Uttar Pradesh,Bharatiya Janata Party,Phulpur,0.957264957,28.0,254.0
Priya Saroj,Uttar Pradesh,Samajwadi Party,Machhlishahr,0.965811966,13.0,44.0
Pushpendra Saroj,Uttar Pradesh,Samajwadi Party,Kaushambi,0.948717949,21.0,89.0
R K Chaudhary,Uttar Pradesh,Samajwadi Party,Mohanlalganj,0.914529915,2.0,19.0
Rahul Gandhi,Uttar Pradesh,Indian National Congress,Rae Bareli,0.0,14.0,43.0
Ram Prasad Chaudhary,Uttar Pradesh,Samajwadi Party,Basti,0.957264957,7.0,7.0
Ram Shiromani Verma,Uttar Pradesh,Samajwadi Party,Shrawasti,1.0,31.0,69.0
Rambhual Nishad,Uttar Pradesh,Samajwadi Party,Sultanpur,0.863247863,2.0,21.0
Ramesh Awasthi,Uttar Pradesh,Bharatiya Janata Party,Kanpur,0.974358974,17.0,52.0
Ruchi Vira,Uttar Pradesh,Samajwadi Party,Moradabad,1.0,12.0,63.0
Sanatan Pandey,Uttar Pradesh,Samajwadi Party,Ballia,0.905982906,21.0,78.0
Satish Kumar Gautam,Uttar Pradesh,Bharatiya Janata Party,Aligarh,1.0,4.0,40.0
Shashank Mani,Uttar Pradesh,Bharatiya Janata Party,Deoria,0.94017094,15.0,84.0
Shiv Pal Singh Patel,Uttar Pradesh,Samajwadi Party,Pratapgarh,0.803418803,8.0,1.0
Tanuj Punia,Uttar Pradesh,Indian National Congress,Barabanki,0.991452991,8.0,116.0
Ujjwal Raman Singh,Uttar Pradesh,Indian National Congress,Allahabad,1.0,21.0,59.0
Utkarsh Verma Madhur,Uttar Pradesh,Samajwadi Party,Kheri,1.0,22.0,47.0
Vijay Kumar Dubey,Uttar Pradesh,Bharatiya Janata Party,Kushi Nagar,0.974358974,20.0,115.0
Zia Ur Rehman,Uttar Pradesh,Samajwadi Party,Sambhal,0.974358974,17.0,84.0
Ajay Bhatt,Uttarakhand,Bharatiya Janata Party,Nainital-Udhamsingh Nagar,0.948717949,17.0,47.0
Anil Baluni,Uttarakhand,Bharatiya Janata Party,Garhwal,0.948717949,3.0,13.0
Mala Rajya Laxmi Shah,Uttarakhand,Bharatiya Janata Party,Tehri Garhwal,0.854700855,4.0,81.0
Trivendra Singh Rawat,Uttarakhand,Bharatiya Janata Party,Haridwar,0.957264957,6.0,108.0
Abhishek Banerjee,West Bengal,All India Trinamool Congress,Diamond Harbour,0.316239316,3.0,52.0
Abu Taher Khan,West Bengal,All India Trinamool Congress,Murshidabad,0.88034188,5.0,50.0
Arup Chakraborty,West Bengal,All India Trinamool Congress,Bankura,0.504273504,2.0,15.0
Azad Kirti Jha,West Bengal,All India Trinamool Congress,Bardhaman-Durgapur,0.94017094,23.0,91.0
Bapi Haldar,West Bengal,All India Trinamool Congress,Mathurapur,0.829059829,6.0,41.0
Isha Khan Choudhury,West Bengal,Indian National Congress,Maldaha Dakshin,0.88034188,8.0,14.0
Jagadish Chandra Barma Basunia,West Bengal,All India Trinamool Congress,Coochbehar,0.538461538,6.0,22.0
Jagannath Sarkar,West Bengal,Bharatiya Janata Party,Ranaghat,0.897435897,1.0,77.0
June Maliah,West Bengal,All India Trinamool Congress,Medinipur,0.777777778,20.0,31.0
Jyotirmay Singh Mahato,West Bengal,Bharatiya Janata Party,Purulia,0.743589744,1.0,30.0
Kakoli Ghosh Dastidar,West Bengal,All India Trinamool Congress,Barasat,0.598290598,4.0,12.0
Kalipada Saren Kherwal,West Bengal,All India Trinamool Congress,Jhargram,0.846153846,16.0,32.0
Kalyan Banerjee,West Bengal,All India Trinamool Congress,Srerampur,0.897435897,24.0,54.0
Kartick Chandra Paul,West Bengal,Bharatiya Janata Party,Raiganj,0.974358974,3.0,5.0
Khagen Murmu,West Bengal,Bharatiya Janata Party,Maldaha Uttar,1.0,28.0,223.0
Khalilur Rahaman,West Bengal,All India Trinamool Congress,Jangipur,0.752136752,12.0,62.0
Mahua Moitra,West Bengal,All India Trinamool Congress,Krishnanagar,0.905982906,13.0,50.0
Mala Roy,West Bengal,All India Trinamool Congress,Kolkata Dakshin,0.273504274,2.0,105.0
Manoj Tigga,West Bengal,Bharatiya Janata Party,Alipurduars,0.957264957,4.0,2.0
Mitali Bag,West Bengal,All India Trinamool Congress,Arambagh,0.658119658,11.0,20.0
Partha Bhowmick,West Bengal,All India Trinamool Congress,Barrackpur,0.162393162,2.0,7.0
Pathan Yusuf,West Bengal,All India Trinamool Congress,Baharampur,0.572649573,7.0,69.0
Pratima Mondal,West Bengal,All India Trinamool Congress,Joynagar,0.837606838,36.0,69.0
Rachna Banerjee,West Bengal,All India Trinamool Congress,Hooghly,0.41025641,4.0,89.0
Sajda Ahmed,West Bengal,All India Trinamool Congress,Uluberia,0.623931624,7.0,53.0
Satabdi Roy,West Bengal,All India Trinamool Congress,Birbhum,0.760683761,12.0,10.0
Saumitra Khan,West Bengal,Bharatiya Janata Party,Bishnupur,0.837606838,14.0,70.0
Sayani Ghosh,West Bengal,All India Trinamool Congress,Jadavpur,0.888888889,11.0,78.0
Sharmila Sarkar,West Bengal,All India Trinamool Congress,Bardhaman Purba,0.777777778,10.0,30.0
Sougata Ray,West Bengal,All India Trinamool Congress,Dum Dum,0.829059829,57.0,134.0
Bishnu Pada Ray,Andaman & Nicobar Islands,Bharatiya Janata Party,Andaman and Nicobar Islands,0.888888889,6.0,23.0
Delkar Kalaben Mohanbhai,Dadra and Nagar Haveli,Bharatiya Janata Party,Dadra and Nagar Haveli,0.88034188,24.0,196.0
Bansuri Swaraj,Delhi,Bharatiya Janata Party,New Delhi,0.948717949,8.0,29.0
Kamaljeet Sehrawat,Delhi,Bharatiya Janata Party,West Delhi,0.948717949,15.0,175.0
Praveen Khandelwal,Delhi,Bharatiya Janata Party,Chandni Chowk,0.991452991,2.0,30.0
Ramvir Singh Bidhuri,Delhi,Bharatiya Janata Party,South Delhi,1.0,23.0,126.0
Yogender Chandolia,Delhi,Bharatiya Janata Party,North West Delhi,0.957264957,21.0,196.0
Muhammed Hamdullah Sayeed,Lakshadweep,Indian National Congress,Lakshadweep,0.931623932,14.0,78.0
Ve Vaithilingam,Puducherry,Indian National Congress,Puducherry,0.846153846,11.0,51.0
Kali Charan Singh,Jharkhand,Bharatiya Janata Party,Chatra,0.923076923,0.0,68.0
Chavan Vasantrao Balwantrao,Maharashtra,Indian National Congress,Nanded,0.681818182,0.0,17.0
Ajay Kumar Mandal,Bihar,Janata Dal (United),Bhagalpur,0.35042735,0.0,77.0
Mahendra Singh Solanky,Madhya Pradesh,Bharatiya Janata Party,Dewas,0.982905983,0.0,72.0
Shivmangal Singh Tomar,Madhya Pradesh,Bharatiya Janata Party,Morena,0.829059829,0.0,28.0
Aashtikar Patil Nagesh Bapurao,Maharashtra,Shiv Sena (Uddhav Balasaheb Thackeray),Hingoli,0.632478632,0.0,67.0
Narayan Tatu Rane,Maharashtra,Bharatiya Janata Party,Ratnagiri-Sindhudurg,0.564102564,0.0,76.0
Kunduru Raghuveer,Telangana,Indian National Congress,Nalgonda,0.64957265,0.0,39.0
Rakesh Rathor,Uttar Pradesh,Indian National Congress,Sitapur,0.666666667,0.0,44.0
Adhikari Soumendu,West Bengal,Bharatiya Janata Party,Kanthi,0.957264957,0.0,16.0
Adhikari Deepak Dev,West Bengal,All India Trinamool Congress,Ghatal,0.094017094,0.0,77.0
Shatrughan Prasad Sinha,West Bengal,All India Trinamool Congress,Asansol,0.623931624,0.0,6.0
Radha Mohan Singh,Bihar,Bharatiya Janata Party,Purvi Champaran,0.957264957,4.0,0.0
Ravi Shankar Prasad,Bihar,Bharatiya Janata Party,Patna Sahib,0.760683761,5.0,0.0
K Rajashekar Basavaraj Hitnal,Karnataka,Indian National Congress,Koppal,0.675213675,1.0,0.0
Alfred Kanngam S Arthur,Manipur,Indian National Congress,Outer Manipur,0.658119658,3.0,0.0
Afzal Ansari,Uttar Pradesh,Samajwadi Party,Ghazipur,0.777777778,3.0,0.0
Akhilesh Yadav,Uttar Pradesh,Samajwadi Party,Kannauj,0.47008547,13.0,0.0
Akshay Yadav,Uttar Pradesh,Samajwadi Party,Firozabad,0.794871795,1.0,0.0
Awadhesh Prasad,Uttar Pradesh,Samajwadi Party,Faizabad,0.914529915,12.0,0.0
Mahesh Sharma,Uttar Pradesh,Bharatiya Janata Party,Gautam Buddha Nagar,0.914529915,1.0,0.0
Abhijit Gangopadhyay,West Bengal,Bharatiya Janata Party,Tamluk,0.948717949,6.0,0.0
Asit Kumar Mal,West Bengal,All India Trinamool Congress,Bolpur,0.905982906,7.0,0.0
Prasun Banerjee,West Bengal,All India Trinamool Congress,Howrah,0.760683761,1.0,0.0
Sudip Bandyopadhyay,West Bengal,All India Trinamool Congress,Kolkata Uttar,0.41025641,5.0,0.0
Sk Nurul Islam,West Bengal,All India Trinamool Congress,Basirhat,0.045454545,0.0,0.0
Misha Bharti,Bihar,Rashtriya Janata Dal,Patliputra,0.384615385,0.0,0.0
Surendra Prasad Yadav,Bihar,Rashtriya Janata Dal,Jahanabad,0.692307692,0.0,0.0
Chh. Udayanraje Pratapsinha Maharaj Bhonsle,Maharashtra,Bharatiya Janata Party,Satara,0.384615385,0.0,0.0
Amritpal Singh,Punjab,Independent,Khadoor Sahib,0.008547009,0.0,0.0
Om Birla,Rajasthan,Bharatiya Janata Party,Kota,0.0,0.0,0.0
Swami Sachidanand Hari Sakshi,Uttar Pradesh,Bharatiya Janata Party,Unnao,0.897435897,0.0,0.0
